{
  "entries": [
    {
      "item": "extendedcrafting:the_ultimate_ingot",
      "emc": 9574561200000000
    },
    {
      "item": "projecte:philosophers_stone",
      "emc": 500000
    },
    {
      "item": "allthemodium:vibranium_ingot",
      "emc": 122800
    },
    {
      "item": "allthemodium:unobtainium_ingot",
      "emc": 122800
    },
    {
      "item": "allthemodium:unobtainium_allthemodium_alloy_ingot",
      "emc": 12280000
    },
    {
      "item": "allthemodium:unobtainium_vibranium_alloy_ingot",
      "emc": 12280000
    },
    {
      "item": "allthemodium:vibranium_allthemodium_alloy_ingot",
      "emc": 12280000
    },
    {
      "item": "allthemodium:vibranium_allthemodium_alloy_block",
      "emc": 12280000000
    },
    {
      "item": "allthemodium:unobtainium_allthemodium_alloy_block",
      "emc": 12280000000
    },
    {
      "item": "allthemodium:unobtainium_vibranium_alloy_block",
      "emc": 12280000000
    },
    {
      "item": "create_new_age:netherite_magnet",
      "emc": 9000000
    },
    {
      "item": "createchromaticreturn:durasteel_ingot",
      "emc": 900000000
    }
  ]
}